{"cameraMode":{"drawMode":0,"name":"Shaded","section":"Shading Mode"},"sceneLighting":true,"audioPlay":false,"sceneViewState":{"showFog":false,"showMaterialUpdate":false,"showSkybox":false,"showFlares":false,"showImageEffects":false,"showParticleSystems":false},"in2DMode":false,"pivot":{"x":44.72465133666992,"y":-76.08354949951172,"z":-5.188817024230957},"rotation":{"x":-0.36584413051605227,"y":-0.16620494425296784,"z":0.06657792627811432,"w":-0.9132915139198303},"size":221.96127319335938,"orthographic":false}