{"cameraMode":{"drawMode":0,"name":"Shaded","section":"Shading Mode"},"sceneLighting":true,"audioPlay":false,"sceneViewState":{"showFog":false,"showMaterialUpdate":false,"showSkybox":false,"showFlares":false,"showImageEffects":false,"showParticleSystems":false},"in2DMode":false,"pivot":{"x":141.2397003173828,"y":-30.393306732177736,"z":-18.631759643554689},"rotation":{"x":-0.07601717859506607,"y":-0.7229157090187073,"z":0.08057783544063568,"w":-0.6819981932640076},"size":147.9956512451172,"orthographic":false}