{"cameraMode":{"drawMode":0,"name":"Shaded","section":"Shading Mode"},"sceneLighting":true,"audioPlay":false,"sceneViewState":{"showFog":false,"showMaterialUpdate":false,"showSkybox":false,"showFlares":false,"showImageEffects":false,"showParticleSystems":false},"in2DMode":false,"pivot":{"x":37.136932373046878,"y":-54.50544738769531,"z":11.035846710205079},"rotation":{"x":-0.37302231788635256,"y":-0.03201359882950783,"z":0.012879781424999237,"w":-0.9271804690361023},"size":170.004638671875,"orthographic":false}