{"cameraMode":{"drawMode":0,"name":"Shaded","section":"Shading Mode"},"sceneLighting":true,"audioPlay":false,"sceneViewState":{"showFog":false,"showMaterialUpdate":false,"showSkybox":false,"showFlares":false,"showImageEffects":false,"showParticleSystems":false},"in2DMode":false,"pivot":{"x":32.56733322143555,"y":-13.678515434265137,"z":75.03231811523438},"rotation":{"x":-0.18432700634002686,"y":-0.07952980697154999,"z":0.014965809881687165,"w":-0.9795277714729309},"size":70.20191955566406,"orthographic":false}