{"cameraMode":{"drawMode":0,"name":"Shaded","section":"Shading Mode"},"sceneLighting":true,"audioPlay":false,"sceneViewState":{"showFog":false,"showMaterialUpdate":false,"showSkybox":false,"showFlares":false,"showImageEffects":false,"showParticleSystems":false},"in2DMode":false,"pivot":{"x":577.9061279296875,"y":178.2313232421875,"z":127.91900634765625},"rotation":{"x":-0.046478521078825,"y":-0.019492173567414285,"z":0.0009070679661817849,"w":-0.9987286925315857},"size":633.6360473632813,"orthographic":false}